DROP TABLE TRMS_LOGIN_TABLE;
DROP TABLE TRMS_EMPLOYEES_TABLE;
DROP TABLE TRMS_TITLE_DESCRIPTIONS;
DROP TABLE TRMS_GRADING_TABLE;
DROP TABLE TRMS_FORMS_TABLE;
DROP TABLE TRMS_EVENTS_TABLE;
DROP TABLE TRMS_REIMBURSEMENT_TABLE;

COMMIT;

CREATE TABLE TRMS_LOGIN_TABLE
(
    USERNAME        VARCHAR2(30) NOT NULL,
    PASS            VARCHAR2(30) NOT NULL,          --CHANGEABLE. NO CONSEQUENCE.
    USER_ID         NUMBER(4) UNIQUE NOT NULL ,
    CONSTRAINT TRMS_LOGIN_TABLE_PK PRIMARY KEY (USERNAME)
)

INSERT INTO TRMS_LOGIN_TABLE VALUES('mark.venegas', 'venegas', 0);
INSERT INTO TRMS_LOGIN_TABLE VALUES('miguel.marquez', 'marquez', 1);
INSERT INTO TRMS_LOGIN_TABLE VALUES('andrew.adams', 'adams', 3);
INSERT INTO TRMS_LOGIN_TABLE VALUES('nancy.edwards', 'edwards', 4);
INSERT INTO TRMS_LOGIN_TABLE VALUES('jane.peacock', 'peacock', 5);
INSERT INTO TRMS_LOGIN_TABLE VALUES('margaret.park', 'park', 6);
INSERT INTO TRMS_LOGIN_TABLE VALUES('steve.johnson', 'johnson', 7);
INSERT INTO TRMS_LOGIN_TABLE VALUES('michael.mitchell', 'mitchell', 8);
INSERT INTO TRMS_LOGIN_TABLE VALUES('robert.king', 'king', 9);
INSERT INTO TRMS_LOGIN_TABLE VALUES('laura.callahan', 'callahan', 10);
INSERT INTO TRMS_LOGIN_TABLE VALUES('erik.venegas', 'venegas', 11);
INSERT INTO TRMS_LOGIN_TABLE VALUES('hector.coronado', 'coronado', 12);
INSERT INTO TRMS_LOGIN_TABLE VALUES('david.lavoie', 'lavoie', 13);
INSERT INTO TRMS_LOGIN_TABLE VALUES('alfonso.acosta', 'acosta', 14);
INSERT INTO TRMS_LOGIN_TABLE VALUES('juan.sosa', 'sosa', 15);

CREATE TABLE TRMS_EMPLOYEES_TABLE
(
    USER_ID         NUMBER(3) NOT NULL,
    FIRST_NAME      VARCHAR2(30) NOT NULL,          --CHANGEABLE. NO CONSEQUENCE.
    LAST_NAME       VARCHAR2(30) NOT NULL,          --CHANGEABLE. NO CONSEQUENCE.
    STREET_ADDRESS  VARCHAR2(50) NOT NULL,          --CHANGEABLE. NO CONSEQUENCE.
    EMAIL           VARCHAR2(30) NOT NULL,          --CHANGEABLE. NO CONSEQUENCE.
    PHONE_NUM       VARCHAR2(30) NOT NULL,          --CHANGEABLE. NO CONSEQUENCE.
    TITLE_ID        NUMBER(1),                      --0 = EMPLOYEE, 1 = DEPT HEAD, 2 = BENCO, 3 = ADMIN
    REPORTSTO       NUMBER(3),                      --REFERENCES ANOTHER EMPLOYEE'S USER_ID
    CONSTRAINT TRMS_USERS_TABLE_PK PRIMARY KEY (USER_ID)
)

INSERT INTO TRMS_EMPLOYEES_TABLE VALUES(0, 'Mark', 'Venegas', '33 N. Woodland Rd.', 'markavenegas@hotmail.com', '(619) 831-2031', 0, 6);
INSERT INTO TRMS_EMPLOYEES_TABLE VALUES(1, 'Miguel', 'Marquez', '9132 SW. Manor Ave.', 'miguelrmarquez@gmail.com', '(480) 521-1874', 0, 6);
INSERT INTO TRMS_EMPLOYEES_TABLE VALUES(3, 'Andrew', 'Adams', '5 San Carlos Street', 'andrewadams@gmail.com', '(855) 576-0946', 3, 4);
INSERT INTO TRMS_EMPLOYEES_TABLE VALUES(4, 'Nancy', 'Edwards', '8816 Vale Dr.', 'nancyedwards@hotmail.com', '(537) 852-8998', 0, 6);
INSERT INTO TRMS_EMPLOYEES_TABLE VALUES(5, 'Jane', 'Peacock', '871 Argyle St.', 'janepeacock@live.com', '(379) 326-5833', 0, 6);
INSERT INTO TRMS_EMPLOYEES_TABLE VALUES(6, 'Margaret', 'Park', '8890 Jackson Drive', 'margaretpark@gmail.com', '(833) 431-8319', 1, 8);
INSERT INTO TRMS_EMPLOYEES_TABLE VALUES(7, 'Steve', 'Johnson', '664 William Drive', 'stevejohnson@live.com', '(871) 873-2736', 0, 9);
INSERT INTO TRMS_EMPLOYEES_TABLE VALUES(8, 'Michael', 'Mitchell', '965 Pin Oak Lane', 'michaelmitchell@yahoo.com', '(240) 634-2846', 2, 3);
INSERT INTO TRMS_EMPLOYEES_TABLE VALUES(9, 'Robert', 'King', '8020 Augusta St.', 'robertking@hotmail.com', '(587) 760-4248', 1, 8);
INSERT INTO TRMS_EMPLOYEES_TABLE VALUES(10, 'Laura', 'Callahan', '801 Hickory Ave.', 'lauracallahan@live.com', '(625) 311-1606', 1, 8);
INSERT INTO TRMS_EMPLOYEES_TABLE VALUES(11, 'Erik', 'Venegas', '9 Colonial Circle', 'erikvenegas@gmail.com', '(228) 223-3560', 4, 3);
INSERT INTO TRMS_EMPLOYEES_TABLE VALUES(12, 'Hector', 'Coronado', '217 Thatcher Drive', 'hectorcoronado@hotmail.com', '(434) 274-8032', 1, 14);
INSERT INTO TRMS_EMPLOYEES_TABLE VALUES(13, 'David', 'Lavoie', '7 Westminster Circle', 'davidlavoie@gmail.com', '(657) 554-8113', 0, 12);
INSERT INTO TRMS_EMPLOYEES_TABLE VALUES(14, 'Alfonso', 'Acosta', '26 Blue Spring Court', 'alfonsoacosta@gmail.com', '(981) 322-4244', 2, 3);
INSERT INTO TRMS_EMPLOYEES_TABLE VALUES(15, 'Juan', 'Sosa', '9651 Bridge St.', 'juansosa@hotmail.com', '(460) 382-7580', 2, 3);

--SHOULD ONLY HAVE EMPLOYEE, DEPT HEAD, BENCO, AND ADMIN 2 COLUMNS, 4 ROWS
CREATE TABLE TRMS_TITLE_DESCRIPTIONS
(
    TITLE_ID        NUMBER(1),
    TITLE           VARCHAR2(20),
    CONSTRAINT TRMS_TITLE_DESCRIPTIONS_PK PRIMARY KEY (TITLE_ID)
)

INSERT INTO TRMS_TITLE_DESCRIPTIONS VALUES(0, 'Employee');
INSERT INTO TRMS_TITLE_DESCRIPTIONS VALUES(1, 'Supervisor');
INSERT INTO TRMS_TITLE_DESCRIPTIONS VALUES(2, 'Department Head');
INSERT INTO TRMS_TITLE_DESCRIPTIONS VALUES(3, 'Benefits Coordinator');
INSERT INTO TRMS_TITLE_DESCRIPTIONS VALUES(4, 'Admin');


CREATE TABLE TRMS_GRADING_TABLE
(
    GRADING_ID      NUMBER(1),
    GRADING         VARCHAR2(30),       --EITHER LETTER GRADES (ABCDF), PASS/FAIL (P OR F), OR SCORE (0-100)
    PASSING_GRADE   VARCHAR2(3),        --'ABC'
    PASSING_PF      VARCHAR2(1),        --'P' FOR PASS
    PASSING_SCORE   NUMBER(3),          --70+
    CONSTRAINT TRMS_GRADING_TABLE_PK PRIMARY KEY (GRADING_ID)
)

INSERT INTO TRMS_GRADING_TABLE VALUES(0, 'Letter', 'ABC', NULL, NULL);
INSERT INTO TRMS_GRADING_TABLE VALUES(1, 'Pass/Fail', NULL, 'P', NULL);
INSERT INTO TRMS_GRADING_TABLE VALUES(2, 'Score', NULL, NULL, 70);


CREATE TABLE TRMS_FORMS_TABLE
(
    FORM_ID         NUMBER(3),
    USER_ID         NUMBER(3),
    TIME_SUBMITTED  DATE,
    LOCALITY        VARCHAR2(30),
    DESCRIPT        VARCHAR2(60),
    COST_AMOUNT     NUMBER(6,2),
    GRADING_ID      NUMBER(1),
    SCORE           VARCHAR(10),
    EVENT_ID        NUMBER(1),
    CONSTRAINT TRMS_FORMS_TABLE_PK PRIMARY KEY (FORM_ID)
)

CREATE TABLE TRMS_EVENTS_TABLE
(
    EVENTS_ID       NUMBER(1),
    EVENT           VARCHAR2(40),
    CONSTRAINT TRMS_EVENTS_TABLE_PK PRIMARY KEY (EVENTS_ID)
)

INSERT INTO TRMS_EVENTS_TABLE VALUES(0, 'University Course');
INSERT INTO TRMS_EVENTS_TABLE VALUES(1, 'Seminar');
INSERT INTO TRMS_EVENTS_TABLE VALUES(2, 'Certification Preparation Class');
INSERT INTO TRMS_EVENTS_TABLE VALUES(3, 'Certification');
INSERT INTO TRMS_EVENTS_TABLE VALUES(4, 'Technical Training');



CREATE TABLE TRMS_REIMBURSEMENT_TABLE
(
    USER_ID         NUMBER(3),
    AMT_RESERVED    NUMBER(6,2),
    AMT_GIVEN       NUMBER(6,2),
    AMT_PENDING     NUMBER(6,2),
    CONSTRAINT TRMS_REIMBURSEMENT_TABLE_PK PRIMARY KEY (USER_ID)
)

INSERT INTO TRMS_REIMBURSEMENT_TABLE VALUES(0, 1000, 0, 0);
INSERT INTO TRMS_REIMBURSEMENT_TABLE VALUES(1, 1000, 0, 0);
INSERT INTO TRMS_REIMBURSEMENT_TABLE VALUES(2, 1000, 0, 0);
INSERT INTO TRMS_REIMBURSEMENT_TABLE VALUES(3, 1000, 0, 0);
INSERT INTO TRMS_REIMBURSEMENT_TABLE VALUES(4, 1000, 0, 0);
INSERT INTO TRMS_REIMBURSEMENT_TABLE VALUES(5, 1000, 0, 0);
INSERT INTO TRMS_REIMBURSEMENT_TABLE VALUES(6, 1000, 0, 0);
INSERT INTO TRMS_REIMBURSEMENT_TABLE VALUES(7, 1000, 0, 0);
INSERT INTO TRMS_REIMBURSEMENT_TABLE VALUES(8, 1000, 0, 0);
INSERT INTO TRMS_REIMBURSEMENT_TABLE VALUES(9, 1000, 0, 0);
INSERT INTO TRMS_REIMBURSEMENT_TABLE VALUES(10, 1000, 0, 0);
INSERT INTO TRMS_REIMBURSEMENT_TABLE VALUES(11, 1000, 0, 0);
INSERT INTO TRMS_REIMBURSEMENT_TABLE VALUES(12, 1000, 0, 0);
INSERT INTO TRMS_REIMBURSEMENT_TABLE VALUES(13, 1000, 0, 0);
INSERT INTO TRMS_REIMBURSEMENT_TABLE VALUES(14, 1000, 0, 0);
INSERT INTO TRMS_REIMBURSEMENT_TABLE VALUES(15, 1000, 0, 0);